Name#Current (or last) Rebbe#Founder#Headquartered In#City/Town of Origin
Aleksander#Yisroel Tzvi Yair Danziger#Yechiel Dancyger (1828–1894)#Bnei Brak, Israel#Aleksandrów Łódzki, Poland
Ungvar#Amram Klein#Yossef Elimelech Khanh (1931)#Brooklyn, US#Ungvar, Hungary, (now Ukraine)
Amshinov#Yosef Kalish; Yaakov Aryeh Milikowsky#Yaakov Dovid Kalish of Amshinov (1814–1878)#Borough Park, Brooklyn; Jerusalem, Israel#Mszczonów, Poland
Ashlag#Simcha Avraham Ashlag#Yehuda Leib Ha-Levi Ashlag (1885–1954)#Bnei Brak, Israel#Warsaw, Poland
Berditchev##Levi Yitzchok of Berditchev (1740–1810)##Berdychiv, Ukraine
boston#Aaron Pollak#Abraham Alter Pollak (died 2007)#Elad, Israel#Beregszász, Hungary (now Ukraine)
Biala#Avraham Yerachmiel Rabinowicz; Yaakov Menachem Rabinowicz; Aaron Rabinowicz#Yitzchok Yaakov Rabinowicz (died 1905)#Jerusalem, Israel; Bnei Brak, Israel; Borough Park, Brooklyn#Biała Podlaska, Poland
Bergsass#Pinchas David Horowitz; Mayer Alter Horowitz; Naftali Yehuda Horowitz; Chaim Avrohom Horowitz#Pinchas David Horowitz (1876–1941)#Brookline, Massachusetts; Jerusalem, Israel#Boston
Boyan#Nachum Dov Brayer#Yitzchok Friedman (1850–1917)#Jerusalem, Israel#Boiany, Bukovina (now in Ukraine)
Chernobyl#several#Menachem Nachum Twerski of Chernobyl (1730–1797)#Bnei Brak, Israel; Ashdod, Israel; Boro Park, Brooklyn, Lawrence, NY#Chernobyl, Ukraine
Dorog#Yisroel Moshe Rosenfeld#Shmuel Frenkel-Komarda of Dorog#Bnei Brak, Israel#Hajdudorog, Hungary
Dushinsky#Yosef Tzvi Dushinsky#Yosef Tzvi Dushinsky (1867–1948)#Jerusalem, Israel#Jerusalem, Israel
Machnovka#Yehoshua Rokeach#Yosef Meir Twersky of Machnovka#Bnei Brak, Israel#Machnovka, Ukraine
Melitz#Naftali Asher Yeshayahu Moscowitz#Yaakov Horowitz of Melitz (son of Naftali Zvi of Ropshitz)#Ashdod, Israel#Mielec, Galicia (now in Poland)
Modzitz#Chaim Shaul Taub#Yechezkel Taub of Kuzmir (1755–1856)#Bnei Brak, Israel#Dęblin, Poland
Munkacz#Moshe Leib Rabinovich#"Shlomo Spira (""Shem Shlomo"") of Munkacz"#Borough Park, Brooklyn#Munkács, Hungary (now in Ukraine)
Nadvorna#several#Mordechai Leifer (1835–1894)#Bnei Brak, Israel#Nadvirna, Galicia (now in Ukraine)
Nikolsburg#Yosef Yechiel Mechel Lebovits#Shmuel Shmelke ben Hirsh Halevi Horowitz of Nikolsburg (1726–1778),#Monsey, New York#Nikolsburg, Moravia
Novominsk#Yaakov Perlow##Borough Park, Brooklyn#Mińsk Mazowiecki, Poland
Pinsk-Karlin#Aryeh Rosenfeld#Aharon the Great of Karlin (1736–1772)#Jerusalem, Israel#Karlin, Belarus
Rachmastrivka#Yitzchak Twerski; David Twerski#Yochanan Twerski of Rachmastrivka#Boro Park, Brooklyn; Jerusalem, Israel#Rachmastrivka, Ukraine
Radzin or Izhbitza - Radzin#Shlomo Yosef Englard#Mordechai Yosef Leiner of Izhbitza#Bnei Brak, Israel#Izbica, Poland; Radzyń Podlaski, Poland
Sadigura#Tzvi Yisrael Moshe Friedman#Avrohom Yaakov Friedman of Sadigura (1820–1883)#Bnei Brak, Israel#Sadagóra, Bukovina (now in Ukraine)
Shomer Emunim Toldos Aharon Toldos Avrohom Yitzchok#Avrohom Chaim Roth; Dovid Kohn; Shmuel Yaakov Kohn#"Aharon Roth (""Reb Ahrele"") (1894–1947)"#Kiryat Shomrei Emunim, Jerusalem Mea Shearim, Jerusalem#Jerusalem, Israel
Slonim#Shmuel Brozovosky; Avrohom Weinberg#Avraham of Slonim#Jerusalem, Israel; Bnei Brak, Israel#Slonim, Belarus
Skolye#Avrohm Moshe Rabinowitz##Borough Park, Brooklyn#Skole, Galicia, Ukraine
Skulen#Yisroel Avrohom Portugal#Eliezer Zusia Portugal (1898–1982)#Borough Park, Brooklyn#Sculeni, Bessarabia (now in Moldova)
Spinka#several#Joseph Meir Weiss (1838–1909)#Williamsburg, Brooklyn; Jerusalem, Israel; Bnei Brak, Israel#Szaplonca, Hungary, (now Romania, Săpânţa)
Stropkov#Avrohom Sholom Halberstam II#Avrohom Sholom Halberstam (1856–1940)#Jerusalem, Israel; Bnei Brak, Israel; Ramle, Israel; Williamsburg, Brooklyn#Stropkov, Hungary (now in Slovakia)
Tosh#Elimelch Segal-Loewy#AMeshulam Feish Segal-Loewy I#Boisbriand, QC#Nyírtass, Hungary
Zvhil (See also Zvhil-Mezbuz)#Avraham Goldman; Shlomo Goldman; Yitzhak Aharon Korff#Moshe of Zvhil (died 1831)#Jerusalem, Israel; Union City, New Jersey; Boston, Massachusetts#Zvyahel, Volhynia (now Novohrad-Volynskyi, Ukraine)
