Name appearing#Full name#Occupation#Location#Portrait
SEGUIN#Marc Seguin#engineer#NW01#-
LALANDE#Jérôme Lalande#astronomer#NW02#-
TRESCA#Henri Tresca#engineer and mechanic#NW03#Henri Tresca.JPG
PONCELET#Jean-Victor Poncelet#geometer#NW04#-
BRESSE#Jacques Antoine Charles Bresse#civil engineer and hydraulic engineer#NW05#-
LAGRANGE#Joseph-Louis Lagrange#mathematician#NW06#Joseph-Louis Lagrange.jpeg
BELANGER#Jean-Baptiste-Charles-Joseph Bélanger#mathematician and hydraulic engineer#NW07#-
CUVIER#Georges Cuvier#naturalist#NW08#-
LAPLACE#Pierre-Simon Laplace#mathematician and astronomer#NW09#-
DULONG#Pierre Louis Dulong#physicist and chemist#NW10#-
CHASLES#Michel Chasles#geometer#NW11#-
LAVOISIER#Antoine Lavoisier#chemist#NW12#-
AMPERE#André-Marie Ampère#mathematician and physicist#NW13#-
CHEVREUL#Michel Eugène Chevreul#chemist#NW14#-
FLACHAT#Eugène Flachat#civil engineer#NW15#-
NAVIER#Claude-Louis Marie Henri Navier#mathematician#NW16#-
LEGENDRE#Adrien-Marie Legendre#mathematician#NW17#-
CHAPTAL#Jean-Antoine Chaptal#agronomist and chemist#NW18#-
JAMIN#Jules Jamin#physicist#SW01#-
GAY-LUSSAC#Joseph Louis Gay-Lussac#chemist#SW02#-
FIZEAU#Hippolyte Fizeau#physicist#SW03#-
SCHNEIDER#Eugène Schneider#industrialist#SW04#-
LE CHATELIER#Louis Le Chatelier#engineer#SW05#-
BERTHIER#Pierre Berthier#mineralogist#SW06#-
BARRAL#Jean-Augustin Barral#agronomist, chemist, physicist#SW07#-
DE DION#Henri de Dion#engineer#SW08#-
GOUIN#Ernest Goüin#engineer and industrialist#SW09#-
JOUSSELIN#Louis Didier Jousselin#engineer#SW10#-
BROCA#Paul Broca#physician and anthropologist#SW11#-
BECQUEREL#Antoine César Becquerel#physicist#SW12#-
CORIOLIS#Gaspard-Gustave Coriolis#engineer and scientist#SW13#-
CAIL#Jean-François Cail#industrialist#SW14#-
TRIGER#Jacques Triger#engineer#SW15#-
GIFFARD#Henri Giffard#engineer#SW16#-
PERRIER#François Perrier#geographer and mathematician#SW17#-
STURM#Jacques Charles François Sturm#mathematician#SW18#Charles Sturm.jpeg
CAUCHY#Augustin-Louis Cauchy#mathematician#SE01#-
BELGRAND#Eugène Belgrand#engineer#SE02#-
REGNAULT#Henri Victor Regnault#chemist and physicist#SE03#-
FRESNEL#Augustin-Jean Fresnel#physicist#SE04#-
DE PRONY#Gaspard de Prony#engineer#SE05#-
VICAT#Louis Vicat#engineer#SE06#LouisVicatJ.JPG
EBELMEN#Jacques-Joseph Ebelmen#chemist#SE07#-
COULOMB#Charles-Augustin de Coulomb#physicist#SE08#-
POINSOT#Louis Poinsot#mathematician#SE09#-
FOUCAULT#Léon Foucault#physicist#SE10#-
DELAUNAY#Charles-Eugène Delaunay#astronomer#SE11#Charles Eugene Delaunay.jpeg
MORIN#Arthur Morin#mathematician and physicist#SE12#-
HAUY#René Just Haüy#mineralogist#SE13#-
COMBES#Charles Combes#engineer and metallurgist#SE14#-
THENARD#Louis Jacques Thénard#chemist#SE15#-
ARAGO#François Arago#astronomer and physicist#SE16#-
POISSON#Siméon Denis Poisson#mathematician and physicist#SE17#-
MONGE#Gaspard Monge#geometer#SE18#-
PETIET#Jules Petiet#engineer#NE01#-
DAGUERRE#Louis Daguerre#artist and chemist#NE02#Jean-Babtiste Sabarier-Blot L.J.M.Daguerre.1844.JPG
WURTZ#Charles-Adolphe Wurtz#chemist#NE03#-
LE VERRIER#Urbain Le Verrier#astronomer#NE04#-
PERDONNET#Albert Auguste Perdonnet#engineer#NE05#-
DELAMBRE#Jean Baptiste Joseph Delambre#astronomer#NE06#-
MALUS#Étienne-Louis Malus#physicist#NE07#-
BREGUET#Louis Breguet#physicist and inventor#NE08#-
POLONCEAU#Camille Polonceau#engineer#NE09#-
DUMAS#Jean-Baptiste Dumas#chemist#NE10#-
CLAPEYRON#Émile Clapeyron#engineer and physicist#NE11#-
BORDA#Jean-Charles de Borda#mathematician#NE12#-
FOURIER#Joseph Fourier#mathematician#NE13#-
BICHAT#Marie François Xavier Bichat#anatomist and physiologist#NE14#-
SAUVAGE#François Clément Sauvage#engineer and geologist#NE15#Frederic Sauvage.JPG
PELOUZE#Théophile-Jules Pelouze#chemist#NE16#-
CARNOT#Lazare Carnot#mathematician#NE17#-
LAME#Gabriel Lamé#mathematician#NE18#Gabriel-Lamé.jpeg
